{
    "loss": 0.504736065864563,
    "accuracy": 0.947826087474823,
    "precision": 0.9512093663215637,
    "recall": 0.9445134401321411
}